quantity,scenario,components,labor,factory,landed,nre,production,operations,contingency,cashRequired,grossRequired,minimumPrice,roundedFundingGoal,grossAtPrice,netAtPrice,surplusAtPrice,unitContributionBeforeNre
100.00,low,488.85,33.75,538.76,548.76,181000.00,54876.29,20000.00,51175.26,307051.55,352932.81,3529.33,400000.00,199900.00,173913.00,-133138.55,1190.37
100.00,base,679.80,56.70,775.26,832.03,274500.00,83202.63,30000.00,77540.53,465243.16,534762.25,5347.62,550000.00,199900.00,173913.00,-291330.16,907.10
100.00,high,1084.60,94.50,1295.71,1586.86,465000.00,158685.71,50000.00,134737.14,808422.86,929221.67,9292.22,950000.00,199900.00,173913.00,-634509.86,152.27
500.00,low,390.50,25.00,428.35,438.35,181000.00,219175.26,20000.00,84035.05,504210.31,579552.08,1159.10,600000.00,999500.00,869565.00,365354.69,1300.78
500.00,base,533.50,42.00,605.79,654.08,274500.00,327039.47,30000.00,126307.89,757847.37,871088.93,1742.18,900000.00,999500.00,869565.00,111717.63,1085.05
500.00,high,841.00,70.00,1001.10,1233.32,465000.00,616659.34,50000.00,226331.87,1357991.21,1560909.44,3121.82,1600000.00,999500.00,869565.00,-488426.21,505.81
1000.00,low,353.97,21.75,387.34,397.34,181000.00,397340.21,20000.00,119668.04,718008.25,825296.84,825.30,850000.00,1999000.00,1739130.00,1021121.75,1341.79
1000.00,base,479.16,36.54,542.84,587.98,274500.00,587984.21,30000.00,178496.84,1070981.05,1231012.70,1231.01,1250000.00,1999000.00,1739130.00,668148.95,1151.15
1000.00,high,750.52,60.90,891.67,1102.00,465000.00,1102004.40,50000.00,323400.88,1940405.27,2230350.89,2230.35,2250000.00,1999000.00,1739130.00,-201275.27,637.13
